PipeTag,AH,BH,ARe,AVelo,k,Status,StatusReVel,Comment
Pipe 0,0.000212286,5.99999806,10921.5136344,0.0157269796,16.84,1,0,DES Duty – part of SubLoop
Pipe 1,1.15692749981E-005,-5.82765115036E-007,8191.13522581,0.008846426,2.9,1,1,DES Duty
Pipe 2,7.58079282154E-006,1,13105.8163613,0.0226468507,0.29,1,0,DES Duty – part of SubLoop
Pipe 3,0.0012159523,43.6000000512,20477.8380645,0.0552901628,7.8050117293,1,1,DES Duty
Pipe 4,9.37881122357E-005,0.999998836,10921.5136344,0.0157269796,7.44,0,0,TSV Duty
Pipe 5,2.04065918966E-005,0.9999985057,8191.13522581,0.008846426,5.1148148148,0,0,TSV Duty
